{
    "loss": 0.09059259295463562,
    "accuracy": 0.96074378490448
}